fatwa title,fatwa link,question,answer
"
حكم أخذ الكتب والمقتنيات المهملة دون إذن أصحابها
",https://www.islamweb.net/ar/fatwa/511795/حكم-أخذ-الكتب-والمقتنيات-المهملة-دون-إذن-أصحابها,هناك كتب وأوراق كان إخوتي يستخدمونها في السنوات السابقة، وقد تركوها الآن بالكامل في غرفة. فهل يجوز لي أخذها، رغم أنهم لا يسمحون بذلك؟ أنا أرغب في المحافظة عليها، لأنني رأيت اسم عبد الرحمن (اسم أبي) مكتوبًا على أغلب هذه الأوراق.,الحمد لله، والصلاة والسلام على رسول الله، وعلى آله وصحبه، أما بعد:فهذه الكتب والأوراق إن كانت ملكًا لإخوتك، ولا يسمحون لك بأخذها، فليس لك أخذها دون إذنهم، ففي الحديث: لا يحلّ مال امرئ مسلم إلا بطيب نفس منه. أخرجه أحمد، والبيهقي، والدارقطني، وغيرهم.ووجود اسم أبيك على صفحات بعضها، لا تأثير له في ذلك.والله أعلم.
"
العبرة في وفاء الديون بالمثل لا بالقيمة
",https://www.islamweb.net/ar/fatwa/99163/العبرة-في-وفاء-الديون-بالمثل-لا-بالقيمة,هناك من أهل الاقتصاد من يقول بمشروعية الفائدة (الربا) في هذا الزمان وذلك لوجود عامل التضخم. فلو أدانك أحدهم ألف درهم فمن الظلم أن تعيدها له ألف درهم بعد سنتين مثلا لأن قيمة الألف درهم الفعلية (الشرائية) ستكون أقل من قيمتها الحالية. فلا يجوز أن يخسر من فعل معك معروفا وأقرضك مالا.  ماذا نجيبهم؟,"



خلاصة الفتوى:
 لم يقل بحلية الربا أحد ممن يحتج بقولهم من أهل العلم، وحول التضخم فالذي عليه جمهور أهل العلم -وهو المعتمد- هو أن العبرة في وفاء الديون هي بالمثل وليس بالقيمة. والمقرض ليس خاسرا في ذلك؛ لأنه مأجور عند الله تعالى بما فعله من خير، وقد يكون تغير قيمة العملة لصالحه.
الحمد لله، والصلاة والسلام على رسول الله، وعلى آله وصحبه، أما بعد: خلاصة الفتوى: لم يقل بحلية الربا أحد ممن يحتج بقولهم من أهل العلم، وحول التضخم فالذي عليه جمهور أهل العلم -وهو المعتمد- هو أن العبرة في وفاء الديون هي بالمثل وليس بالقيمة. والمقرض ليس خاسرا في ذلك؛ لأنه مأجور عند الله تعالى بما فعله من خير، وقد يكون تغير قيمة العملة لصالحه.فإن الربا لم يقل بحليته أحد ممن يحتج بقولهم من أهل العلم؛ لأنه إحدى الموبقات السبع؛ كما ورد في الحديث الصحيح؛ ولأن الله تعالى قد توعد بالحرب مع أصحابه، وهو وعيد لم يرد مثله في شيء من المحرمات.وحول التضخم.. فالذي قرره مجمع الفقه الإسلامي في دورته المنقعدة بالكويت بتاريخ 12/1988: أن العبرة في وفاء الديون الثابتة بعملة ما هي بالمثل وليس بالقيمة؛ لأن الديون تقضى بأمثالها، فلا يجوز ربط الديون الثابتة في الذمة أياً كان مصدرها بمستوى الأسعار. وهذا هو ما عليه جمهور أهل العلم، ولا اعتبار لما بلغته قيمة الدين وقت الأداء. فإذا كانت العملة التي تحدد بها الدين أصلا ما زالت موجودة ومتعاملا بها فالأمر ظاهر، وإن انعدمت وتعومل بعملة أخرى بدلها، فالواجب قيمة الدين بالعملة الجديدة وقت اجتماع استحقاقه وانعدام العملة، قال خليل بن إسحاق: وإن بطلت فلوس فالمثل، أو عدمت فالقيمة وقت اجتماع الاستحقاق والعدم. وقالت طائفة من أهل العلم: إن الاعتبار هو بقيمة الدين لا بعدده، لكن المعتمد ما عليه الجمهور. ثم ينبغي أن نعلم أن من صنع معروفا وأقرض غيره مالا فليس بخاسر –إن شاء الله-؛ لأنه مأجور عند الله تعالى بما فعله من خير، ومع ذلك فتغير قيمة العملة قد يكون لصالحه؛ لأن العملة المتعامل بها قد يرتفع سعرها بالمقارنة مع العملات الأخرى. والله أعلم."
"
حدود التراخي المسموح به في أداء كفارة اليمين
",https://www.islamweb.net/ar/fatwa/511888/حدود-التراخي-المسموح-به-في-أداء-كفارة-اليمين,أعمل بالقول بجواز قضاء صيام كفارة اليمين على التراخي، فهل هناك حدود لهذا التراخي؟ على سبيل المثال، هل يجوز تأخيرها لأشهر أو سنوات؟,الحمد لله، والصلاة والسلام على رسول الله، وعلى آله وصحبه، أما بعد:فنقول ابتداء: إن القول المرجّح في فتاوانا هو القول بأن كفارة اليمين تجب على الفور إن كان سبب الحنث معصية، وأمّا في غير ذلك، فتجب على التراخي، كما سبق بيانه في الفتويين: 277693، 96808.وأمّا مدى التراخي المسموح به عند القائلين بأن الكفارة على التراخي، فقد قال الكاساني الحنفي في بدائع الصنائع: الْكَفَّارَاتِ كلها واجبة على التراخي هو الصحيح من مذهب أصحابنا ... ومعنى الوجوب على التراخي هو أن يجب في جزء من عمره غير عين، وإنما يتعين بتعيينه فعلًا، أو في آخر عمره؛ بأن أخره إلى وقت يغلب على ظنّه أنّه لو لم يؤد فيه لفات، فإذا أدى فقد أدى الواجب، وإن لم يؤد حتى مات أثم لتضييق الوجوب عليه في آخر العمر. اهـ.وعلى هذا؛ فالتراخي عندهم يشمل تأخيرها لسنين، وأنها لا تجب على الفور، إلا أن يغلب على ظنّه أنّه سيموت قريبًا، كمن أصيب بمرض غالبه الهلاك، ويظن أنه لو أخّرها أكثر لمات قبل أن يتمكن من إخراجها، فإنه يتعين عليه إخراجها فورًا.والله أعلم.
"
حكم أخذ الولد من تخفيض الرسوم الجامعية دون علم أبيه
",https://www.islamweb.net/ar/fatwa/511792/حكم-أخذ-الولد-من-تخفيض-الرسوم-الجامعية-دون-علم-أبيه,"أنا طالبة في كليّة الطب، والحمد لله، أحصل على خصم بنسبة خمسين في المئة من مصاريف الجامعة بسبب تفوقي الدراسي. فهل يجوز لي أن آخذ من أموال الخصم دون علم أبي، مع العلم أن أبي يأخذ مبلغ الخصم كاملًا، ولا يعطيني منه شيئًا، ولا يقدّم لي هدية أو مكافأة (مع أنه مقتدر ماديًا)، وأنا بحاجة ماسة إلى المال؟
جزاكم الله خيرًا.",الحمد لله، والصلاة والسلام على رسول الله، وعلى آله وصحبه، أما بعد:فهذا التخفيض حقّ لوالدك الذي دفع رسوم الدراسة، فلا يحل لك أخذ شيء منه دون إذنه، ولا يبرر ذلك أنه لا يعطيك هدية، أو نحو ذلك على تفوقك الدراسي، وانظري للفائدة الفتوى: 422050.والله أعلم.
"
حكم الشك في عدد أشواط السعي بعد الفراغ منه
",https://www.islamweb.net/ar/fatwa/511756/حكم-الشك-في-عدد-أشواط-السعي-بعد-الفراغ-منه,قمتُ بأداء العمرة، وأثناء السعي لم أدرِ كم شوطًا أتممت. كنت أعدّ الأشواط على السبحة الإلكترونية، وعند انتهائي نظرت إلى السبحة فوجدتُ أنها تُشير إلى سبعة أشواط، وكنت حينها عند المروة. شعرتُ بالشك وقلت في نفسي: هل من المعقول أني أتممت سبعة أشواط؟! لكنني لم أبنِ على الأقل، إذ كنت متعبة، فاعتمدتُ على السبحة وتحللت من إحرامي، ثم توجهت إلى المدينة المنورة. وعند عودتي إلى بلدي بالطائرة، تذكرتُ ما حدث، ولامتني نفسي، ومنذ ذلك الحين وأنا أعيش في قلق شديد وخوف من أن أكون ما زلت على إحرامي. فكيف أتصرف؟ هل ما زلت فعلًا على إحرامي؟ وهل يجب عليّ أن أسافر إلى مكة وأُعيد العمرة؟ وفي هذه الحالة، هل أُحرم من الطائرة، علمًا بأنه من المحتمل أنني أتممت العمرة السابقة؟ وهل يلزمني أداء عمرة قضاء من نفس الميقات الذي أحرمت منه (مسجد التنعيم)؟ علمًا بأنني غير متزوجة، وقد ارتكبت بعض محظورات الإحرام، مثل قص الشعر، والتطيب، وكوني غير محجبة. ففي أي حالة يُجزئني ذبح هدي بدلًا من السفر؟,"الحمد لله، والصلاة والسلام على رسول الله، وعلى آله وصحبه، أما بعد:فطالما أن شكّك في عدد أشواط السعي كان بعد الانتهاء منه، فلا تلتفتي إليه، وطوافكِ تام ومجزئ إن شاء الله تعالى، لا سيما وقد تبين لكِ من خلال العداد الإلكتروني أنكِ أتممتِ سبعة أشواط.قال الإمام النووي في كتابه (المجموع): ولو شكّ في عدد الطواف أو السعي، لزمه الأخذ بالأقل، ولو غلب على ظنّه الأكثر، لزمه الأخذ بالأقل المتقين ... هذا كله إذا كان الشكّ وهو في الطواف.
أمّا إذا شكّ بعد فراغه، فلا شيء عليه. انتهى.وقال ابن قدامة في كتابه (المغني): وإن شكّ في عدد الطواف، بنى على اليقين.
قال ابن المنذر: أجمع كل من نحفظ عنه من أهل العلم على ذلك؛ ولأنها عبادة، فمتى شكّ فيها وهو فيها، بنى على اليقين كالصلاة. وإن أخبره ثقة عن عدد طوافه، رجع إليه إذا كان عدلاً. وإن شكّ في ذلك بعد فراغه من الطواف، لم يلتفت إليه، كما لو شكّ في عدد الركعات بعد فراغ الصلاة. انتهى.وعليه فعمرتك صحيحة تامة إن شاء الله.وأما عدم ارتدائك للحجاب الشرعي، فإن كان المقصود كشف ما يجب ستره كالشعر والرقبة ونحوهما، فهو معصية؛ لأن الحجاب فريضة محكمة ثبتت بالكتاب والسنة وإجماع العلماء، كما قال تعالى يَا أَيُّهَا النَّبِيُّ قُلْ لِأَزْوَاجِكَ وَبَنَاتِكَ وَنِسَاءِ الْمُؤْمِنِينَ يُدْنِينَ عَلَيْهِنَّ مِنْ جَلَابِيبِهِنَّ ذَلِكَ أَدْنَى أَنْ يُعْرَفْنَ فَلَا يُؤْذَيْنَ وَكَانَ اللَّهُ غَفُورًا رَحِيمًا {الأحزاب: 59}وفي الحديث الشريف: المرأة عورة، فإذا خرجت استشرفها الشيطان. رواه الترمذي وصححه.فبادري بالتوبة، واستعيني بالله على الالتزام بالحجاب؛ فهو ستر وكرامة وصون لدينك وعفتك، وباب إلى رضوان الله. وللاستزادة يرجع إلى الفتويين: 26387، 39004.والله أعلم."
"
متى يبتدئ المسافر قصر الصلاة
",https://www.islamweb.net/ar/fatwa/486001/متى-يبتدئ-المسافر-قصر-الصلاة,"أسافر من محافظتي إلى جامعتي كل أسبوعين، والمسافة تقريبا: 140 كم، وأركب: 3 من وسائل النقل لأصل، الأولى من بيتي إلى العاصمة، والمسافة: 60 كم تقريبا، وقبل أن أركب في الأولى يكون قد مر على أذان الظهر ساعتان، ويؤذن للعصر وأنا في الأولى قبل أن أصل العاصمة، فهل أصلي الظهر في بيتي في وقته، ثم أصلي العصر في القاهرة قبل أن أركب الثانية؟ أم أصلي الظهر والعصر في بيتي جمعا وقصرا قبل أن أركب الأولى؟ وإن قصرت، فهل يجوز أن أصلي السنن؟ أم الفرض فقط؟
وشكرا.",الحمد لله، والصلاة والسلام على رسول الله، وعلى آله وصحبه، أما بعد:         فقد سبق بيان مسافة القصر، ومن أين يبدأ حسابها في الفتوى: 467167، فيرجى مراجعتها.ولا يجوز قصر الصلاة للمسافر حتى يبدأ في السفر بالفعل، ولا يكفي مجرد نية السفر، ولا العزم عليه؛ لأن الله تعالى يقول: وَإِذَا ضَرَبْتُمْ فِي الأَرْضِ فَلَيْسَ عَلَيْكُمْ جُنَاحٌ أَن تَقْصُرُواْ مِنَ الصَّلاَةِ {النساء: 101}.فجعل جواز القصر مشروطًا بالضرب في الأرض، الذي هو السير فيها، وقال ابن قدامة في المغني: وجملته أنه ليس لمن نوى السفر القصر حتى يخرج من بيوت قريته، ويجعلها وراء ظهره، وبهذا قال مالك، والشافعي، والأوزاعي، وإسحاق، وأبو ثور، وحكي ذلك عن جماعة من التابعين. انتهى.وعليه، فلا يجوز لك قصر الظهر، والعصر، وجمع الصلوات، وأنت في بيتك قبل الشروع في السفر.وبخصوص الظهر الذي دخل وقتها قبل سفركِ: فالأولى أن تصليها، ولا تؤخريها، خروجا من خلاف أهل العلم، لكن إذا أخرتِها لتصليها مع العصر جمعا، وقصرا بعد الشروع في السفر، فهذا جائز، قال ابن قدامة في المغني: وإذا سافر بعد دخول وقت الصلاة فقال ابن عقيل فيه روايتان: إحداهما: قصرها، قال ابن المنذر: أجمع كل من نحفظ عنه من أهل العلم أن له قصرها، وهذا قول مالك، والأوزاعي، والشافعي، وأصحاب الرأي، لأنه سافر قبل خروج وقتها، أشبه ما لو سافر قبل وجوبها، والثانية: ليس له قصرها، لأنها وجبت عليه في الحضر، فلزمه إتمامها، كما لو سافر بعد خروج وقتها، أو بعد إحرامه بها، وفارق ما قبل الوقت، لأن الصلاة لم تجب عليه. اهـ. ويستحب لكِ أثناء السفر أن تصلي ما شئتِ من النوافل، سواء تعلق الأمر بالسنن الراتبة أم غيرها؟ وانظر التفصيل في الفتوى: 25818.والله أعلم.
"
حكم دفع الرسوم على الأدوار القريبة للجمعيات الإلكترونية
",https://www.islamweb.net/ar/fatwa/512338/حكم-دفع-الرسوم-على-الأدوار-القريبة-للجمعيات-الإلكترونية,نحن أربعة إخوة، ولدينا سوبر ماركت نعمل فيه، لكننا نواجه مشكلة في السيولة منذ افتتاح المشروع. وقد حاولنا كثيرًا الحصول على تمويل شرعي، لكننا لم نتمكن من ذلك. والآن، بعد عامين من البحث، وجدت جمعية إلكترونية، ولكنها تأخذ مصاريف إدارية غير قليلة على الأدوار القريبة.,الحمد لله، والصلاة والسلام على رسول الله، وعلى آله وصحبه، أما بعد:فالإشكال الشرعي في مثل هذه الجمعيات الإلكترونية هو تفاوت الرسوم بحسب اختلاف الدور في الجمعية، فهي تتناقص كلما ابتعد الدور، وهذا يخرجها عن كونها مجرد مصاريف إدارية، أو أجرة عن الخدمة، وإلا تساوت في كل الأدوار.وهذه الرسوم في الحقيقة هي مصدر للتربح بالنسبة للمنصة، التي تضمن للمشتركين قبض أدوارهم حتى ولو تخلف أحدهم عن دفع ما عليه، والضمان ليس محلاً للكسب والتربح!جاء في قرار مجمع الفقه الإسلامي المتعلق بخطاب الضمان: قد قرر الفقهاء عدم جواز أخذ العوض على الكفالة؛ لأنه في حالة أداء الكفيل مبلغ الضمان يشبه القرض الذي جر نفعاً على المقرض، وذلك ممنوع شرعاً. اهـ.  وراجع للفائدة الفتوى: 74139.وأما مشكلة السيولة التي ذكرها السائل، فهي لا تغير الحكم إلا إن بلغت حد الضرورة، أو الحاجة المعتبرة، التي يبيح ارتكاب المحظور، وتدخل تحت قول الله تعالى: وَقَدْ فَصَّلَ لَكُمْ مَا حَرَّمَ عَلَيْكُمْ إِلَّا مَا اضْطُرِرْتُمْ إِلَيْهِ [الأنعام: 119]. والضرورة هي ما يغلب على الظنّ وقوع المرء بسببها في الهلكة، أو أن تلحقه بسببها مشقة لا تحتمل، أو لا يتمكن المرء معها من تحقيق الحد الأدنى من حياة الفقراء. وراجع للفائدة الفتويين: 22567، 47389. والله أعلم.
"
المسؤول عن تعليم الصبي الصلاة
",https://www.islamweb.net/ar/fatwa/512335/المسؤول-عن-تعليم-الصبي-الصلاة,"أخي الصغير عمره سبع سنوات، وقد حاولت أن أقنعه بالصلاة، وعندما يقتنع بذلك يُصلي لفترة قصيرة ثم يتركها مدة طويلة. مع العلم أن صلاته ناقصة الأركان؛ لأنه لم يتعلم الصلاة كما ينبغي. وأهلي لا يحاولون معه بجدية، علماً أنه كان لهم فضل كبير في تعليمي الصلاة، والتزمت بها منذ صغري.
أنا الآن أدرس التوجيهي، ولا أجد الوقت الكافي لتعليمه الصلاة؛ لأنه عنيد ولا يتعلم بسهولة. فهل عليّ إثم إن لم أعلّمه الصلاة إلى أن تنتهي هذه السنة، ثم أبدأ بتعليمه؟ لأنني سمعت من أحد المشايخ أنه لا يجوز ضرب الطفل عند بلوغه عشر سنين إذا لم نكن قد علمناه الصلاة منذ سن السابعة، وأنا في الحقيقة لا أريد أن أتحمّل إثمًا، لا أنا ولا أهلي.
بالإضافة إلى ذلك، فإن أخي يستمع إلى الأناشيد طوال النهار، وهذا الأمر يزعجني. صحيح أنه طفل غير مُحاسب، ولكن نحن الكبار نُحاسب إذا كنا نستمع إليها، أليس كذلك؟ فماذا يتوجب عليّ أن أفعل لأمنعه من ذلك؟",الحمد لله، والصلاة والسلام على رسول الله، وعلى آله وصحبه، أما بعد:فعليكِ أن تنصحي أبويك بضرورة تعليم ابنهما الصلاة، وأمره بها ما دام قد بلغ سبع سنين، فإن ذلك واجب عليهما، ويأثمان بتركه، فإذا نصحتِهما فقد فعلتِ ما عليكِ، ولستِ آثمة لترك أمره بالصلاة وتعليمه إياها، لكون ذلك ليس من واجبكِ، وإنما هو واجب على الولي، ولكنك تؤجرين أجرًا عظيمًا إذا فعلتِ ذلك.قال البهوتي في شرح الإقناع: (ويلزم الولي أمره) أي: المميز (بها) أي: بالصلاة (إذن) أي حين يتم له سبع سنين، ذكرًا كان أو أنثى، لحديث عمرو بن شعيب عن أبيه عن جده أن النبي -صلى الله عليه وسلم- قال «مروا أبناءكم بالصلاة وهم أبناء سبع سنين، واضربوهم عليها لعشر، وفرّقوا بينهم في المضاجع» رواه أحمد، وأبو داود من رواية سوار بن داود، وقد وثقه ابن معين وغيره، (و) يلزم الولي (تعليمه إياها) أي: الصلاة (وتعليم طهارة نصًا)؛ لأنه لا يمكنه فعل الصلاة إلا إذا علمها، فإذا علمها احتاج إلى العلم بالطهارة، ليتمكن منها، فإن احتاج إلى أجرة، فمن مال الصغير، فإن لم يكن، فعلى من تلزمه نفقته. وكذا إصلاح ماله، وكفه عن المفاسد، وكذلك ذكر النووي في شرح المهذب الصيام ونحوه، ويعرف تحريم الزنا، واللواط، والسرقة، وشرب المسكر والكذب، والغيبة ونحوها، ويعرف أنه بالبلوغ يدخل في التكليف، ويعرفه ما يبلغ به، وقيل: هذا التعليم مستحب، والصحيح وجوبه، (ويضرب) المميز (ولو رقيقًا على تركها) أي: الصلاة (لعشر) أي: عند بلوغه عشر سنين تامة (وجوبًا) للخبر، والأمر والضرب في حقه لتمرينه عليها حتى يألفها ويعتادها، فلا يتركها عند البلوغ. انتهى.وإذا علمتِ هذا؛ فواجبك هو نصح أبويك بتعاهده، وفعل ما يلزمهما تجاهه، وإذا بذلتِ من وقتك في تعليمه ونصحه وتعاهده، فلك الأجر الجزيل.وأمّا ضربه إذا بلغ عشرًا ولم يصل، فواجب على الولي؛ كما ذكر الفقهاء، ولم نر من نصّ على أنه لا يضرب إذا لم يعلّم.وأمّا هذه الأناشيد، فإن كانت تشتمل على معازف، فالواجب تجنيبه إياها لما مرّ من ضرورة تجنيب الصغير المحرمات، وتأثمون أنتم كذلك بالاستماع، أي: الإصغاء لها، وإن كانت بدون معازف، فلا إثم عليكم.والله أعلم.
"
زكاة القاصر، وكيفية إخراجها في حال منع الولي من أدائها
",https://www.islamweb.net/ar/fatwa/512326/زكاة-القاصر-وكيفية-إخراجها-في-حال-منع-الولي-من-أدائها,"أنا قاصر، ولم أكن أعلم بوجوب الزكاة، وكنت أظن أنها تجب فقط على الكبار ومن لديهم مصدر رزق، وقد أخبرني أهلي بذلك أيضًا.
لقد حاولت حساب زكاتي للسنوات الماضية، ونجحت في ذلك، لكنني لا أستطيع دفعها كاملة الآن؛ أولًا لأن مبلغ الزكاة المتراكم أكبر من المال الذي أملكه حاليًا، وثانيًا لأني قاصر -كما ذكرت- وليس لدي جهة موثوقة أو شخص أعرفه يمكنني التبرع له، كما أن أهلي لن يسمحوا لي بالتبرع بهذا المبلغ، حتى لو لم أدفعه دفعة واحدة. فهم لم يتبرعوا به مباشرة، وقد لا يوصلونه إلى المحتاجين فعلًا؛ لأن والدتي تبرعت في مرة من المرات لطلاب في غير مدينتهم -على ما أذكر- وكانوا غير قادرين على تأمين طعامهم. فما الذي يجب علي فعله؟ هل يجوز لي الادخار حتى أبلغ سن الرشد (18 سنة) ثم أتولى إخراج الزكاة بنفسي، خاصة أن الله لا يكلّف نفسًا إلا وسعها؟
أنا لا أرغب في إعطاء المال لأهلي؛ لأني أشك في أنهم سيوصلونه لمن يستحق فعلًا، كما أنهم ينزعجون عند مناقشتهم في هذه الأمور.
جزاكم الله خيرًا.","الحمد لله، والصلاة والسلام على رسول الله، وعلى آله وصحبه، أما بعد:فإن الزكاة تجب باتفاق أهل العلم على البنت البالغة بلوغًا شرعيًا بالحيض، أو ببلوغ خمس عشرة سنة ونحوها من علامات البلوغ، لعموم قوله تعالى: خُذْ مِنْ أَمْوَالِهِمْ صَدَقَةً تُطَهِّرُهُمْ وَتُزَكِّيهِمْ بِهَا [التوبة: 103].ولعموم قوله صلى الله عليه وسلم لمعاذ لما أرسله إلى اليمن: فأعلمهم أن الله افترض عليهم صدقة تؤخذ من أغنيائهم فتردّ على فقرائهم. رواه البخاري ومسلم من حديث ابن عباس -رضي الله عنهما-.والزكاة حق للفقراء في المال، وليست تبرعاً من المزكي، فيجب إخراجها بنية الزكاة، ولا تجزئ بنية التبرع، ولا صدقة التطوع، فقد قال ابن قدامة: مذهب عامة الفقهاء أن النية شرط في أداء الزكاة. انتهى. وقال الشيخ زكريا الأنصاري في أسنى المطالب: (تشترط نية زكاة المال أو) نية (صدقة المال المفروضة)، وفي معناها ما صرح به الأصل نية فرض صدقة المال، لدلالة كل من ذلك على المقصود، (ولا يشترط النطق) بالنية (ولا يجزئ) النطق (وحده)، كما في غير الزكاة، والتصريح بعدم اشتراط النطق بالنية من زيادته (ولا) تجزئ (صدقة المال فقط)؛ لأنها قد تكون نافلة، (ولا فرض المال)؛ لأنه قد يكون كفارة ونذرًا، ولا فرض الصدقة لشموله صدقة الفطر. اهـ.والمسؤول عن زكاة مال القاصر وليه، ولا يجوز أن يؤخر الزكاة عن وقت وجوبها، وهو تمام الحول؛ لأن الزكاة واجبة على الفور على الراجح، وقد بينّا في الفتوى: 38200، أن المسؤول عن زكاة مال القاصر هو من تحت يده المال، وليًا كان أو وصيًا، وهو المسؤول عن ذلك أمام الله، فإذا لم يدفع زكاة المال، فإنه يجب أن يزكيها عن الماضي من السنين التي لم يخرج فيها زكاتها، أو تزكيها البنت إذا رشدت واستلمت مالها، فالتقادم لا يسقط الزكاة.فقد جاء في التاج والإكليل نقلاً عن المدونة: لو حال الحول، ففرّط في إخراج زكاته حتى ضاع، ضمن الزكاة. انتهى.وقال النووي في المجموع: مذهبنا أنها إذا وجبت الزكاة، وتمكّن من إخراجها، وجب الإخراج على الفور، فإن أخّرها أثم، وبه قال مالك وأحمد وجمهور العلماء.... إذا مضت عليه سنون ولم يؤد زكاتها، لزمه إخراج الزكاة عن جميعها، سواء علم وجوب الزكاة أم لا، وسواء كان في دار الإسلام أم دار الحرب. انتهى بتصرف.وقال ابن قدامة في المغني: تجب الزكاة على الفور، فلا يجوز تأخير إخراجها مع القدرة عليه، والتمكن منه، إذا لم يخش ضرراً؛ لأن الأمر المطلق يقتضي الفور...
قال الأثرم: سمعت أبا عبد الله سئل عن الرجل يحول الحول على ماله، فيؤخّر عن وقت الزكاة؟ فقال: لا، ولم يؤخر إخراجها؟ وشدد في ذلك. قيل: فابتدأ في إخراجها، فجعل يخرج أولاً فأولاً، فقال: لا بل يخرجها كلها إذا حال الحول. فأما إذا كانت عليه مضرّة في تعجيل الإخراج، مثل من خشي في إخراجها ضرراً في نفسه أو مال له سواها، فله تأخيرها، لقول النبي صلى الله عليه وسلم: لا ضرر ولا ضرار. انتهى بتصرف. وراجعي للفائدة الفتوى: 33965.والله أعلم."
"
ضوابط الاستعاذة من الشيطان أثناء الخطبة
",https://www.islamweb.net/ar/fatwa/512320/ضوابط-الاستعاذة-من-الشيطان-أثناء-الخطبة,هل تجوز الاستعاذة بالله من الشيطان الرجيم أثناء خطبة الجمعة؟,الحمد لله، والصلاة والسلام على رسول الله، وعلى آله وصحبه، أما بعد: فإن الواجب على من حضر خطبة الجمعة الإنصات والاستماع لما يقول الخطيب، وعدم الاشتغال بما يصرفه عنها، ولكن إذا ذكر الخطيب ما يستدعي التعوذ من الشيطان، فلا حرج في أن يستعيذ المستمع من الشيطان سرًا لا جهرًا.جاء في جواهر الدرر في حل ألفاظ المختصر وهو من كتب المالكية: وجاز إقباله على ذكر قَلَّ سرًا، ومفهوم (قَلّ) منع الكثير، ومفهوم (سرًا) منع الجهر، وظاهره: عند التسبب أو غيره، كتأمين ‌وتعوذ عند السبب، فيجوز كل بقيده، والأول عند دعاء الخطيب، والثاني عند ذكر النار أو الشيطان. اهـ.وقال الصاوي في بلغة السالك لأقرب المسالك: (وتعوذ واستغفار عند ذكر السبب) في الجميع بأن يشرع في دعاء أو ذكر جهنم أو استغفار، فيندب بشرط السر به، ويكره الجهر. اهـ.وقال أبو العباس الونشريسي في عدة البروق: ويتعوذ إذا ذكر ‌الخطيب ‌النار، ويصلي على النبي -صلى الله عليه وسلم- إذا جرى ذكره أو الصلاة عليه، ويؤَمّن إذا دعا الإِمام مع أن الجميع كلام؛ لأن ‌التعوذ وما ذكر معه كالمجاوبة للخطيب، ألا ترى أن الخطيب إذا كلم أحدًا فإنه يجيبه، ولا يُعدّ لاغيًا، ولاسيما إذا وقف ‌الخطيب في فقر الخطبة كالمتطلب للتأمين. اهـ.والله أعلم.
"
أصلح جهازا من دون اتفاق على الأجرة وأعطى الأجير أجرة لم يرض بها
",https://www.islamweb.net/ar/fatwa/512299/أصلح-جهازا-من-دون-اتفاق-على-الأجرة-وأعطى-الأجير-أجرة-لم-يرض-بها,"منذ عدة سنوات، قمتُ بإصلاح جهاز كهربائي في أحد المحلات، وعند الحساب طلب صاحب المحل مبلغًا معينًا، لكنني ظننت أنه مبلغ كبير، فعرضت عليه مبلغًا أقل، فقبله على غير رضا، وقال لي: ""حسبي الله ونِعم الوكيل"".
ومؤخرًا تذكّرتُ هذه الواقعة، وأردتُ أن أسأل: هل يجب عليَّ إعادة محاسبة الرجل وتقديم تعويض له؟ وماذا أفعل إذا لم يعد المحل موجودًا أو أُغلق؟",الحمد لله، والصلاة والسلام على رسول الله، وعلى آله وصحبه، أما بعد:فالأصل في عقد الإجارة أن يتفق الطرفان على أجرة معلومة قبل الشروع في العمل، فإن لم يحصل ذلك وكانت الأجرة مجهولة، فسدت الإجارة، وإذا فسدت واستوفيَت المنفعة، لزم أجرة المثل.قال ابن قدامة: إن استوفى المنفعة في العقد الفاسد، فعليه أجر المثل. وبه قال مالك والشافعي. اهـ. وأجرة المثل يحكم بها أهل الخبرة في هذا المجال، قال شيخ الإسلام ابن تيمية: العوض في العقود الفاسدة هو نظير ما يجب في الصحيح عرفاً وعادة، كما يجب في البيع والإجارة الفاسدة ثمن المثل وأجرة المثل. اهـ. وراجع الفتوى: 110748. ونحن لا نعلم هل ما دفعه السائل يعدل أجرة المثل أم لا؟! وعليه؛ فلا نستطيع الحكم: هل يلزمه شيء أم لا. وبإمكان السائل أن يسأل أهل الخبرة في هذا المجال في بلده، ليعلم هل عليه حق لصاحب المحل أم لا. فإن علم أنه يلزمه شيء ردّه لصاحبه إن أمكن، فإن لم يجده تصدق به عنه، أو أنفقه في أبواب البر والمصالح العامة.قال شيخ الإسلام ابن تيمية -كما في مجموع الفتاوى-: إذا كان بيد الإنسان غصوب، أو عوار، أو ودائع، أو رهون قد يئس من معرفة أصحابها، فإنه يتصدق بها عنهم، أو يصرفها في مصالح المسلمين. اهـ. وانظر للفائدة الفتوى: 93487. وأخذ صاحب المحل للمبلغ المقترح من قبلك لا يلزم منه حصول الرضا به والمسامحة فيما بقي له إن كان بقي له شيء؛ لأنه أخذه منك وهو غير راض -فيما يظهر مما ذكرت- وبالتالي فالحل هو ما بينّاه آنفًا، إلا إذا رجعت إليه وسامح كل منكما صاحبه، فحينئذ لا حرج.والله أعلم. 
"
حكم الدعاء على الظالم الحسود بالمرض
",https://www.islamweb.net/ar/fatwa/512296/حكم-الدعاء-على-الظالم-الحسود-بالمرض,"لدي مكتب لتخليص المعاملات، وكذلك صديقي لديه مكتب مشابه. وذات يوم، أتاني زبون واتفقت معه على أن أُخلِّص وأُنجز له معاملته، وعلم صديقي بذلك وحسدني على المعاملة؛ لأنها كانت بمبلغ مرتفع. ثم تبين لي أن صديقي، الذي له علاقات كثيرة، قام بإيقاف المعاملة. واتضح لي كذلك أن الموظف الذي أوقف المعاملة هو صديق لصديقي.
كل هذا كان نتيجة لحسده، لكي يمل الزبون من تأخيري في إنجاز المعاملة، فيذهب إلى صديقي ليُنجزها له. فهل يعتبر صديقي ظالمًا، لأنه ظلمني وحسدني وأوقف المعاملة؟ وهل يجوز لي أن أدعو عليه بالمرض؟",الحمد لله، والصلاة والسلام على رسول الله، وعلى آله وصحبه، أما بعد:فقد ذكرت أنه اتضح لك أن صديقك قد حسدك، ولم تبين كيف حدث ذلك، وعمومًا الأصل في المسلم السلامة مما يشين، ولا يجوز اتهامه بشيء من ذلك إلا عن بينة واضحة، مثل إقراره بذلك، وقد قال تعالى: يَا أَيُّهَا الَّذِينَ آمَنُوا اجْتَنِبُوا كَثِيرًا مِنَ الظَّنِّ إِنَّ بَعْضَ الظَّنِّ إِثْمٌ [الحجرات: 12]. وإذا ثبت عنه ذلك، فلا شك في أنه يعتبر ظالماً لك في سعيه لتعطيل معاملتك؛ ففعله هذا فيه تعدٍ على حقك، وإلحاق ضرر بك، وهذا هو عين الظلم. والدعاء على الظالم جائز، ولكن العفو أفضل وأجره أعظم، كما بينا في الفتويين: 54408، 27841.والدعاء على الظالم يكون على قدر مظلمته كما ذكر أهل العلم؛ لأنه نوع من القصاص، وسبق بيان ذلك في الفتوى: 227740، لكن الدعاء عليه بالمرض فيه نوع من الاعتداء؛ فيما يظهر. وإن رأيت المصلحة في مواجهته في هذا الأمر إن ثبت صدوره منه، فافعل لتبين له مدى الضرر الذي لحق بك بسبب فعله، وذكره بعواقب الحسد والظلم في الدنيا والآخرة، وليكن ذلك بالحسنى، وكن على حذر في المستقبل من إظهار ما أنعم لله عليك من نعمة؛ فذلك من دواعي الحسد، وفي الكتمان وقاية منه.روى الطبراني وغيره عن معاذ بن جبل -رضي الله عنه- قال: قال رسول الله صلى الله عليه وآله وسلم: استعينوا على إنجاح حوائجكم بالكتمان؛ فإن كل ذي نعمة محسود.والله أعلم.
"
حكم الجمع بين الصلاتين لظروف العمل وعدم وجود الماء
",https://www.islamweb.net/ar/fatwa/512293/حكم-الجمع-بين-الصلاتين-لظروف-العمل-وعدم-وجود-الماء,أنا شاب أعمل في ورشة بناء، وفي بعض الأوقات ينتهي عملنا بعد صلاة العصر، فأجد نفسي مضطرًّا إلى جمع صلاة الظهر مع العصر، لعدم توفر مكان للوضوء. بالإضافة إلى ذلك، اضطر أحيانًا إلى التبول واقفا، فتتطاير بعض قطرات البول على لباس العمل. فهل تجوز الصلاة بتلك الملابس مع التيمم؟,الحمد لله، والصلاة والسلام على رسول الله، وعلى آله وصحبه، أما بعد:فاعلم أن الصلاة لها مكانة عظيمة في الإسلام، فهي الركن الثاني منه بعد الشهادتين، فاجتهد في المحافظة عليها، وأدائها في وقتها المحدّد شرعًا، فقد قال الله تعالى: إِنَّ الصَّلَاةَ كَانَتْ عَلَى الْمُؤْمِنِينَ كِتَابًا مَوْقُوتًا [النساء: 103].فيجب أداء الصلاة في وقتها المحدد لها شرعًا، ولا يجوز تأخيرها عنه، ولا تقديمها عليه، إلا في الحالات التي يرخص فيها في جمع الصلاتين المشتركتي الوقت (الظهر مع العصر، والمغرب مع العشاء) لأجل الحاجة، فيجوز عندئذ تأخير أولاهما إلى وقت الثانية، أو تقديم الثانية عن وقتها لأدائهما في وقت واحد، وراجع الفتوى: 60645.وعليه؛ فإذا كانت ظروف عملك تلجئك إلى جمع الظهر مع العصر، فإن هذا جائز لك عند طائفة من أهل العلم، لكن عليك الانتظار حتى ترجع إلى منزلك، أو تجد ماء للوضوء، ولتطهير ثيابك أو بدنك، ولا يجوز لك أن تصلي بالنجاسة، أو متيممًا إذا كنت ستجد ماء قبل خروج الوقت (غروب الشمس) فإذا خشيت خروج الوقت، ولم تجد ماء، فإنك تصلي بالتيمم. وبالثوب المتنجس، وانظر الفتويين: 50527، 44652.والله أعلم.
"
المرأة إذا أرضعت طفلا يصير ابنا لها وأخا لجميع أولادها 
",https://www.islamweb.net/ar/fatwa/512290/المرأة-إذا-أرضعت-طفلا-يصير-ابنا-لها-وأخا-لجميع-أولادها,"لدي ابن خال رضع من أمي وهو صغير، وذلك لأن والدته كانت مطلقة ولم تكن موجودة. وقد رضع مع أختي التي تصغرني، فهما من مواليد السنة نفسها. فهل يُعدّ ابن خالي أخي من الرضاعة، ويجوز لي أن أكشف أمامه كما أكشف أمام أخي من النسب؟ أم يعتبر أخا لأختي فقط؟
أفيدوني، جزاكم الله خيرًا.",الحمد لله، والصلاة والسلام على رسول الله، وعلى آله وصحبه، أما بعد:فإن كان ابن خالك رضع من أمّك رضاعًا مُحرِّما؛ فهو أخوك من الرضاع، وكذا جميع إخوتك وأخواتك إخوة له من الرضاع.قال ابن قدامة -رحمه الله- في عمدة الفقه: فمتى أرضعت المرأة طفلاً ‌صار ‌ابنا ‌لها وللرجل الذي ثاب اللبن بوطئه، فيحرم عليه كل من يحرم على ابنها من النسب. انتهى.وقال في المقنع: وإِذا حملت المرأة من رجل يثبت منه نسب ولدها فَثَابَ لها لبن فأرضعت به طفلاً، صار ولداً لهما؛ في تحريم النكاح، وإِباحة النظر، والخلوة، وثبوت المحرمية. انتهى.ولمعرفة الرضاع المُحرِّم، راجعي الفتوى: 52835.والله أعلم.
"
هل يجوز الاستمرار في العمل المحرم في حال تحمل الجزاء المادي إذا تم رفضه؟
",https://www.islamweb.net/ar/fatwa/512266/هل-يجوز-الاستمرار-في-العمل-المحرم-في-حال-تحمل-الجزاء-المادي-إذا-تم-رفضه,"أعمل في شركة تقدم خدمات برمجية، وقد تعاقدت معنا شركة أوروبية لمساعدتها في تطوير تطبيق يهدف إلى تقديم هدايا للمستخدمين من المتاجر المتعاقد معها مسبقًا، والتي يشترون منها، وذلك لتحفيزهم على إعادة الشراء. يتم ذلك من خلال التعاقد مع المطاعم والمتاجر، وأيضًا عبر استخدام المستخدم النهائي لهذا التطبيق.
لكننا غفلنا عن طبيعة المنتجات التي تبيعها هذه المتاجر. وبعد مرور فترة من بدء التعاقد، اكتشفنا أن العديد من المتاجر التي يتعامل معها التطبيق تبيع لحوم الخنزير، وبعضها متاجر متخصصة في بيع الخمور.
الشركة المتعاقدة معنا لا تبيع هذه المنتجات مباشرة، بل تقتصر على التعاقد مع المتاجر المختلفة، وتوفير مكافآت لعملاء هذه المتاجر. ومع ذلك، فإن محاولة استبعاد المطاعم التي تقدم لحوم الخنزير مثلًا، ستجعل التطبيق بلا جدوى، نظرًا إلى أن هذا النوع من الطعام شائع في المجتمع الإسباني كما هو الحال مع الدجاج في مجتمعاتنا.
نحن غير مسؤولين عن إدخال المنتجات، لكننا مسؤولون عن برمجة التطبيق وصيانة النسخة الموجودة حاليًّا، والتي تحتوي على المنتجات المذكورة. علمًا بأن موقع التطبيق يذكر صراحةً تعاقده مع محلات بيع الخمور.
مدة التعاقد مع الشركة هي سنة واحدة، وقد مضى منها شهر حتى الآن. فهل هذا التعاقد حلال؟ وما الذي ينبغي عليّ فعله؟ مع الإشارة إلى أن شركتي قد طلبت فتوى من مختصين، وقد أجاز بعضهم هذا التعاقد والعمل فيه. لكن إن رفضتُ الاستمرار، فسأتحمل جزاءً ماديًّا. فهل يختلف الحكم هنا، ويجوز لي القبول بهذا العمل؟
جزاكم الله خيرًا، ونفع بكم، وهدانا جميعًا إلى سبيله.",الحمد لله، والصلاة والسلام على رسول الله، وعلى آله وصحبه، أما بعد:فما دام التطبيق يتعامل بالفعل مع متاجر تبيع لحم الخنزير، ومتاجر متخصصة في بيع الخمور، واستبعاد مثل هذه المتاجر سيجعل التطبيق بلا جدوى! فهذا معناه أن بيع المحرمات من خلال هذا التطبيق ليس قليلاً، بل قد يكون هو الغالب. وإذا كان الأمر كذلك، فلا يجوز العمل على برمجته ولا صيانة نسخته الموجودة بالفعل؛ لما في ذلك من الإعانة على الإثم، وقد نهانا الله تعالى عن التعاون على الإثم، فقال سبحانه: وَلَا تَعَاوَنُوا عَلَى الْإِثْمِ وَالْعُدْوَانِ وَاتَّقُوا اللَّهَ إِنَّ اللَّهَ شَدِيدُ الْعِقَابِ [المائدة: 2]. قال ابن بطال في شرح صحيح البخاري: المعونة على معاصي الله، وما يكرهه الله، للمعين عليها من الوزر، والإثم مثل ما لعاملها، ولذلك نهى الرسول عن بيع السيوف في الفتنة، ولعن عاصر الخمر، ومعتصرها، وحاملها، والمحمولة إليه، وكذلك سائر أعمال الفجور. اهـ. وقال المازري في المعلم بفوائد مسلم: المعونة على ما لا يحل لا تحل، وقال الله تعالى: {وَلَا تَعَاوَنُوا عَلَى الْإِثْمِ وَالْعُدْوَانِ} وقد جعل الدال على الخير كفاعله، وهكذا الدال على الشر كفاعله. اهـ. وقال شيخ الإسلام ابن تيمية -كما في مجموع الفتاوى-: إذا أعان الرجل على معصية الله كان آثمًا؛ لأنه أعان على الإثم، والعدوان، ولهذا لعن النبي -صلى الله عليه وسلم- الخمر، وعاصرها، ومعتصرها، وحاملها، والمحمولة إليه، وبائعها، ومشتريها، وساقيها، وشاربها، وآكل ثمنها، وأكثر هؤلاء، كالعاصر، والحامل، والساقي، إنما هم يعاونون على شربها. اهـ. وانظر للفائدة الفتويين: 475762، 398179.وأما مسألة تحمل الجزاء المادي في حال رفض العمل، فهذه ينظر إليها من باب الضرورة أو الحاجة التي تنزل منزلتها، فإن كان الضرر الذي سيقع بسبب هذا الجزاء المادي مجحفًا، ويبلغ حد الضرورة أو الحاجة المعتبرة، فهذا يبيح ارتكاب المحظور؛ لقول الله تعالى: وَقَدْ فَصَّلَ لَكُمْ مَا حَرَّمَ عَلَيْكُمْ إِلَّا مَا اضْطُرِرْتُمْ إِلَيْهِ [الأنعام: 119]. وحال الضرورة هي ما يغلب على الظن وقوع المرء بسببها في الهلكة، أو أن تلحقه بسببها مشقة لا تحتمل، أو لا يتمكن المرء معها من تحقيق الحد الأدنى من حياة الفقراء. وتحقق ذلك يختلف باختلاف الأحوال والأشخاص، ومن خلال هذا التعريف، يمكن للسائل أن يحكم على نفسه، هل هو مضطر أم لا؟ وراجع للفائدة الفتويين: 310642، 47389. والله أعلم.
"
حكم قول: تستاهل الخير
",https://www.islamweb.net/ar/fatwa/512254/حكم-قول-تستاهل-الخير,ما حكم قول: تستاهل الخير؟,الحمد لله، والصلاة والسلام على رسول الله، وعلى آله وصحبه، أما بعد:فقد جرت عادة الناس أن يقولوا هذه العبارة إذا سمعوا أو علموا عن شخص بأنه نال خيرًا من مال أو جاه أو وظيفة أو نحو ذلك، فيقولون ذلك فرحًا له بذلك الخير، وليس هذا من باب اعتقاد استحقاقه على الله ذلك الأمر، وقصدهم أن لديه من الصفات ما يجعل حصوله على ذلك الخير سببًا للفرح له بذلك، لما فيه من زيادة الخير والبركة والنفع، سواء كان له أو لغيره من الخلق.وعليه؛ فلا حرج في العبارة المذكورة. وراجع للفائدة الفتوى: 188359. والله أعلم.
"
حكم التسمية بـ: رابح
",https://www.islamweb.net/ar/fatwa/512251/حكم-التسمية-ب-رابح,"أود معرفة حكم التسمية باسم رابح.
وجزاكم الله خيرًا.","الحمد لله، والصلاة والسلام على رسول الله، وعلى آله وصحبه، أما بعد:فهذا الاسم (رابح) قد يؤدي إلى التطير عند نفي وجوده، وذلك أنه قد يقال: هل هنا رابح أو أعندك رابح؟ فيقال: لا، فحينئذ قد يؤدي إلى التشاؤم، وقد أخرج الإمام مسلم في صحيحه من حديث سمرة بن جندب قال: قال رسول الله صلى الله عليه وسلم: .. ولا تسمين غلامك يسارًا، ولا رباحًا، ولا نجيحًا، ولا أفلح، فإنك تقول: ‌أثم ‌هو؟ فلا يكون. فيقول: لا. قال النووي في شرح مسلم: ليس فيه منع القياس على الأربع، وأن يلحق بها ما في معناها.
قال أصحابنا: يكره التسمية بهذه الأسماء المذكورة في الحديث وما في معناها، ولا تختص الكراهة بها وحدها، وهي كراهة تنزيه لا تحريم، والعلة في الكراهة ما بينه صلى الله عليه وسلم في قوله: فإنك تقول: أثم هو؟ فيقول: لا. فكره لبشاعة الجواب، وربما أوقع بعض الناس في شيء من الطيرة. اهـوقال ابن القيم -رحمه الله- في زاد المعاد: فإن هذه الأسماء لما كانت قد توجب تطيراً تكرهه النفوس، ويصدها عما هي بصدده، كما إذا قلت لرجل: أعندك يسار، أو رباح، أو أفلح؟ قال: لا، تطيرت أنت وهو من ذلك، وقد تقع الطيرة لا سيما على المتطيرين، فَقلَّ من تطير إلا ووقعت به طيرته، وأصابه طائره...، اقتضت حكمة الشارع، الرؤوف بأمته، الرحيم بهم، أن يمنعهم من أسباب توجب لهم سماع المكروه أو وقوعه، وأن يعدل عنها إلى أسماء تحصل المقصود من غير مفسدة، هذا أولى، مع ما ينضاف إلى ذلك من تعليق ضد الاسم عليه، بأن يسمى يساراً من هو من أعسر الناس، ونجيحاً من لا نجاح عنده، ورباحاً من هو من الخاسرين، فيكون قد وقع في الكذب عليه، وعلى الله. اهـ. وعليه؛ فالأولى عدم التسمية بالاسم المذكور، ويستحسن التسمية بالأسماء ذات المعاني الحسنة التي لا تحتمل معنى منهيًا عنه، فإن للأسماء تأثيرًا على المسميات، وراجع للفائدة الفتويين: 469249، 122541.والله أعلم."
"
واجب من فعل خطأً غير متعمد للظلم أو المشاركة فيه
",https://www.islamweb.net/ar/fatwa/512239/واجب-من-فعل-خطأً-غير-متعمد-للظلم-أو-المشاركة-فيه,"شقة الزواج مسجّلة باسمي، لأن والدي هو من اشتراها لنا. وفي أحد الأيام، جاء زوجي وقال إن صديقه يريد عمل عقد إيجار للشقة، وقمنا بتوثيقه في الشهر العقاري، وذلك لأنه كان يمر بإجراءات الطلاق، وأراد تقديم العقد لإثبات أنه يدفع من مرتبه إيجارًا، بهدف تقليل المبلغ الذي تطلبه طليقته.
وافقت وقتها، ولم نفكر أننا بذلك نؤذي زوجته وأولاده، بل بالعكس، كنا نرى أننا نساعده، وظننا أنه محترم وجدير بالثقة. لم يخطر ببالنا سوى أننا نشفق عليه ونريد مساعدته، واعتبرنا ذلك من باب فعل الخير. حتى إنني كنت خائفة لأن العقد صوري وهو لا يسكن في الشقة، ومع ذلك قلت في نفسي: المهم أنني أفعل خيرًا. لم أكن أعلم وقتها أن هذا فيه ظلم، والله.
فكيف أصلح خطئي هذا، خصوصًا أنني لا أعرف زوجته السابقة إطلاقًا، والموضوع مرَّ عليه أكثر من ثماني سنوات؟ علمًا أن مدة العقد كانت ثلاث سنوات فقط، وربما يصعب الآن الوصول إليها، لكنني سأحاول.
فهل أُعتبر قد ظلمت وشهدت زورًا، رغم أن نيتي كانت خالصة لله، وفعلت ما فعلت على ظن أنه خير؟ وكيف أكفّر عن هذا الذنب؟",الحمد لله، والصلاة والسلام على رسول الله، وعلى آله وصحبه، أما بعد:فما فعلته السائلة إنما فعلته خطأً، ولم تفعله تعمداً للظلم أو المشاركة فيه، بل كانت تعتقد أنها تفعل خيرًا، وتعين من تراه محتاجا للإعانة! وإذا كان الأمر كذلك، فالخطأ معفو عنه، ولا يؤاخذ الله به، كما قال سبحانه: رَبَّنَا لَا تُؤَاخِذْنَا إِنْ نَسِينَا أَوْ أَخْطَانَا [البقرة: 286]، وقال تعالى: وَلَيْسَ عَلَيْكُمْ جُنَاحٌ فِيمَا أَخْطَأْتُمْ بِهِ وَلَكِنْ مَا تَعَمَّدَتْ قُلُوبُكُمْ وَكَانَ اللَّهُ غَفُورًا رَحِيمًا [الأحزاب: 5]، وقال رسول الله صلى الله عليه وسلم: إن الله تجاوز عن أمتي الخطأ والنسيان وما استكرهوا عليه، رواه ابن ماجه، وصححه الألباني. وما دام الأمر قد فات، ومرت عليه ثمان سنوات، فلا نرى أن السائلة يلزمها شيء بعد ندمها واستغفارها.والله أعلم.
الصلوات المفروضة وعدد ركعاتها,https://islamweb.net/ar/fatwa/16167/الصلوات-المفروضة-وعدد-ركعاتها,ما هي الصلوات المفروضة؟ وما هي أوقاتها؟ وكم عدد ركعاتها؟,الحمد لله، والصلاة والسلام على رسول الله، وعلى آله وصحبه، أما بعدفالصلوات المفروضة على المسلم خمس، وهي: الظهر أربع ركعات، والعصر أربع ركعات، والمغرب ثلاث ركعات، والعشاء أربع ركعات، والصبح ركعتان، قال رسول الله صلى الله عليه وسلم: أمّني جبريل - عليه السلام - عند البيت مرتين، فصلي بي الظهر، حين زالت الشمس، وكانت قدر الشراك، وصلى بي العصر، حين كان ظله مثله، وصلى بي المغرب، حين أفطر الصائم، وصلى بي العشاء، حين غاب الشفق، وصلى بي الفجر، حين حرم الطعام والشراب على الصائم، فلما كان الغد، صلى بي الظهر، حين كان ظله مثله، وصلى بي العصر، حين كان ظله مثليه، وصلى بي المغرب، حين أفطر الصائم، وصلى بي العشاء، إلى ثلثي الليل، وصلى بي الفجر، فأسفر، ثم التفت إليّ، وقال: يا محمد، هذا وقت الأنبياء من قبلك، والوقت ما بين هذين الوقتين. رواه أحمد، وأبو داود، والترمذي، والحاكم من حديث ابن عباس -رضي الله عنهما-.ولله أعلم.
